{"packages/cupertino_icons/assets/CupertinoIcons.ttf":["packages/cupertino_icons/assets/CupertinoIcons.ttf"],"images/aljazeera_logo.png":["images/aljazeera_logo.png"],"strings/ar.json":["strings/ar.json"],"images/arabic_icon.png":["images/arabic_icon.png"],"images/dep_icon.png":["images/dep_icon.png"],"images/email_icon.png":["images/email_icon.png"],"strings/en.json":["strings/en.json"],"images/english_icon.png":["images/english_icon.png"],"images/job_icon.png":["images/job_icon.png"],"images/logo.jpeg":["images/logo.jpeg"],"images/logout.png":["images/logout.png"],"images/pass_icon.png":["images/pass_icon.png"],"images/password.png":["images/password.png"],"images/phone_icon.png":["images/phone_icon.png"],"images/profile_user.jpg":["images/profile_user.jpg"],"images/request.png":["images/request.png"],"packages/fluttertoast/assets/toastify.css":["packages/fluttertoast/assets/toastify.css"],"packages/fluttertoast/assets/toastify.js":["packages/fluttertoast/assets/toastify.js"],"images/user.png":["images/user.png"],"images/user_icon.png":["images/user_icon.png"]}