{
  "app_name" : "تطبيق الدعم",
  "login" :    "الدخول" ,
  "user_name" : "اسم المستخدم" ,
  "password" : " كلمة المرور",
  "welcome" : "مرحبا بك فى الماكس" ,
  "english_name" : "الاسم الاجنبى  "  ,
  "arabic_name" : " الاسم العربى "  ,
  "job_description" : " الوظيفة"  ,
  "email" : "البريد الالكترونى"  ,
  "phone" : "الهاتف ",
  "branch" : "فرع الموظف " ,
  "old_pass" : "كلمة المرور القديمة " ,
  "new_pass" : "كلمة المرور الجديدة " ,
  "confirm_pass" : "تاكيد كلمة المرور" ,
  "change_pass" : " تغير كلمة المرور  "  ,
  "add_user" : " اضافة مستخدم   ",
  "system" : " اختر النظام ",
  "service" : "  اختر الخدمة  ",
  "des_request" : "وصف الطلب ",
  "send_request" : " ارسال الطلب  ",
  "add_req" : "اضف طلب " ,
  "requests" : " الطلبات ",
  "select_image" : "اختر صوة",
  "camera" : "كاميرا",
  "gallery" : "معرض الصور",
  "delete" : "حذف",
  "request_details" : "تفاصيل الطلب",
  "req_description" : "وصف الطلب ",
  "engineer" : "المهندس المختص"   ,
  "images_attachment" : " الصور المرفقة"  ,
  "add_rate_Btn" : " ضع تقيمك "  ,
  "rate_service" : " تقيم الخدمة "  ,
  "rate_engineer" : " تقيم المهندس"  ,
  "rate_response" : "  تقيم الاستجابه "   ,
  "comment" : "اكتب تعليقك  "   ,
  "send" : "ارسال ",
  "reply" : "الرد ",
  "logout" : "تسجيل الخروج ",
  "request_done" : "تم اضافة الطلب بنجاح ",
  "rate_done" : "تم اضافة التقيم بنجاح ",
  "error" : "حدث خطا,حاول مره اخرى ",
  "user_done_added" : " تم اضافه المستخدم بنجاح",
  "enter"  : "أدخل",
  "no_requests" : "لا يوجد طلبات  ",
  "request_statues" : "حاله الطلب",
  "request_number" : "رقم الطلب",
  "request_date" : "تاريخ الطلب",
  "cancel_request" : "الغاء الطلب",
  "confirm_close" : "تاكيد الغلق",
  "cancel_close" : "الغاء الغلق",
  "req_cancel": "تم الغاء طلبك",
  "cancel" : " الغاء",
  "ok" : "حسنا",
  "note" : "اكتب سبب الرفض",
  "close" : "تم",
  "eng_name" : "اسم المهندس المسؤول",
  "eng_phone" :"رقم هاتف المهندس"


}