{
  "app_name" : "Support System" ,
  "login" :    "Login" ,
  "user_name" : "User Name " ,
  "password" : "Password"  ,
  "welcome" : "Welcome In Max "  ,
  "english_name" : "English Name  "  ,
  "arabic_name" : "Arabic Name  "  ,
  "job_description" : "Job Description "  ,
  "email" : "Email",
  "phone" : "Phone ",
  "branch" : "Employee Branch",
  "old_pass" : "Old Password " ,
  "new_pass" : "New Password " ,
  "confirm_pass" : "Confirm Password" ,
  "change_pass" : "Change Password ",
  "add_user" : " Add User " ,
  "system" : " Choose system ",
  "service" : " Choose_service ",
  "des_request" : " Describe your Request   ",
  "send_request" : " Send Request   "   ,
  "add_req" : "add request " ,
  "requests" : "Requests",
  "select_image" : "Select Image",
  "camera" : "Camera",
  "gallery" : "Gallery" ,
  "delete" : "Delete" ,
  "request_details" : "Request Details",
  "req_description" : "Request Description ",
  "engineer" : "Engineer"   ,
  "images_attachment" : " Attachment Images"  ,
  "add_rate_Btn" : " Add your Rating "  ,
  "rate_service" : " Rate Service"  ,
  "rate_engineer" : " Rate Engineer"  ,
  "rate_response" : " Rate Response"   ,
  "comment" : "Write your Comment "   ,
  "send" : "Done " ,
  "reply" : "Reply ",
  "logout" : "Logout "  ,
  "request_done" : "Request Done  Successfully"  ,
  "error" : "Error , try again ",
  "user_done_added" : " User Added Successfully",
  "enter"  : "Enter",
  "rate_done" :" Your Rating  Added Successfully",
  "no_requests" : "Not Find Requests",
  "request_statues" : "Request Statues",
  "request_number" : "Request Number" ,
  "request_date" :"Request Date",
  "request_type" : "Request Type",
  "request_system" : "Request System ",
  "cancel_request" : "Cancel Request",
  "confirm_close" : "Confirm Close",
  "cancel_close" : "Cancel Close",
  "req_cancel": "your Request has been Canceled",
  "cancel" : "Cancel",
  "ok" : "Ok",
  "note" : "Write Reason of Refuse  ",
  "close" : "Close",
  "eng_name" : "Engineer Name",
  "eng_phone" :"Engineer Phone"


}